query_id,query
787087,what is production yield
651735,what does the name marcia mean
976367,where is adam clayton powell boulevard
488735,return the current date and time in matlab
372570,how to play an xylophone fast
441902,lone star meaning in french
558991,what are foods that can cause flare up for colitis
836964,what is the normal volume of urine produced in humans
338009,how popular is disney?
671583,what internal temperature should meatloaf be
1183708,eprosartan mesylate side effects
227311,how does prius phv work in pakistan
923899,what were the accomplishments of early astronomers
230635,how far is brauning l from 4033 indian sunrise
236279,how is bacteria grown in mobu torres
70268,can illinois file bankruptcy
428923,is there an hotel located in the tampa fl airport
39500,average nurse practitioner salary in georgia
223141,how do you measure a standing flag pole
627952,what does PCHK stand for in police logs dispositions
535378,vaginal irritation symptoms
333022,how old before you get medicare
270376,how long to dehydrate cilantro
1175048,is bio oil effective
896870,what specific plant sources is limbrel made from
874675,what major can you go into to become an accountant
470293,oscars best picture
735450,what is covered in a bop policy
374336,how to put in antifreeze
372308,how to permanently delete text messages from blackberry
877084,what mechanism is used during defoliation
41475,average regular gas price in bakersfield ca
247122,how long do you bake a marinated chicken breast
633016,what does being pigeonholed mean
1168858,types of tree northern coniferous forest
690736,what is a mesenchymal tumor
1148307,what is tuzistra xr
1173676,meaning of dishonesty
923049,what was the white flight?
236536,how is diltiazem metabolized
444863,male average amount of protein intake a day in grams
33945,average cost of liability insurance for small business
58598,calculating atomic weight practice
203640,history of bensonhurst brooklyn
697418,what is a real estate investment acct
1056579,who was the marshall in othello
958741,when was martin luther king born at
803257,what is terrafab
954532,when should i give my sin number
384942,how to use an enema
363255,how to get your horse to stop biting
1033056,who is gd clan
22793,are habits and behavior the same thing?
823317,what is the general motors diet ?
504787,subject definition for ap lang
465733,normal temperature range in the forest
540199,was jamestown the first surviving english settlement in the united states
954821,when should you see a doctor for a flu
5290,New TV show on fox week of 7/5/15
356353,how to download music onto my nokia phone
559249,what are gastric secretion
549705,what actor said you picked a good day to die
157179,do i want to claim a dependency allowance
773885,what is mpf in the air force
275083,how many babies can a garter snake have
99417,cool as a cucumber meaning
1613,70 euro to aus dollar
821152,what is the federal procurement data system used for
750909,what is gg payscale?
315060,how much does it cost to change a flight with malaysia airlines
479864,presidential honeymoon period definition
444380,magna carta society
1026323,who did andrea robinson marry
304125,how much db gain when adding speaker
311117,how much does a public traded human resource director make
969533,where did the first humans emerge
546777,weather today in avignon france
935110,when a molecule is oxidized in a cell
191191,forum what is best mortgage company
1030833,who is bri man
339586,how soon can you take a pregnancy test after conception
1054409,who was james brown
106978,cost of servicing a tesla
499016,skills that can be included in a resume
1065146,why do my hormones drop at 5pm
391222,"if a house burns down, how much does it cost to remove materials from property"
794074,what is scarring means
345111,how to become a historian
485793,reasons why american dad is better than family guy topten
523282,toyota stock price
425987,is the civil war a just war? explanations of each part
7829,What temperature is based on the Absolute Zero?
899045,what strained u.s.-soviet relations?
192854,funky jazz definition
355525,how to do a cost benefit analysis for crude oil oversupply
452904,meta research definition
490040,roshni name meaning
904255,what time do gates open for indians game
163584,does bacillus megaterium produce catalase?
665032,what happened in the evaporator coil
906073,what to ask a child who might be transgender
245488,how long do i cook a pork shoulder roast
1031789,who is current head of rnc
144157,did jamie zimmerman play for florida marlins
328667,how much time should students have between classes
1075247,why was ragtime music invented
450660,meanings of inukshuks
84316,cause of eye infection for several weeks
896675,what spacing is needed between the mmr and varicella immunizations
959834,when was silk first discovered
706377,what is a wip program
822827,what is the function of the intestines small
730233,what is chivalry is dead means
40707,average price of a kitchen remodel
326592,how much protein in sirloin
405221,is calcium solid liquid or gas
393412,in ground pool liners installation cost
764090,what is lactating adenoma
725698,what is brand image
1052535,who stars in doubt
754949,what is hifh af
806389,what is the average income in dubai
204719,home staging cost
80430,can you use a passport card to fly to mexico
853698,what is the weather in saint pete beach today
813799,what is the current key keyboard?
311263,how much does a restaurant marketing manager earn cork
831750,what is the meaning of the name vivian
181166,equal access definition
647425,what does sampling variability mean
392747,immature cartilage cell called
804141,what is the address for the steam plant in spokane wa
1173191,moab ut seasonal population
904721,what time does walmart close ajax
308883,how much does a certified renovator make
230699,how far is cancun airport to lima peru
251444,how long does cracked ribs take to heal
586976,what causes cysts to grow on kidneys?
211537,how children interpret a divorce
694494,what is a personnel office
972754,where does chris tomlin attend church
77016,can you drink protein shakes cold
35655,average costs to redo home exterior from siding to stucco
20893,are antigens always attached to a cell
884296,what parallel split north and south vietnam
441141,list of vegetarian diets
822675,what is the function of surfactant?
250912,how long does baron buff last
889407,what protein to take for bedtime
727631,what is captive insurance
958822,when was meharry founded
10156,academic calendar 2014/2015 university of new mexico
981233,where is denny baseball field
369255,how to make mince and spaghetti
857358,what is travelers companies strategy
484597,questioning definition doubt
949245,when is a late fee charged on a mortgage
1159451,what foods can cause restless leg syndrome
948859,when fertile do you have mucus discharge
429618,is toby keith divorced
105515,cost of medicine for colon cancer
147259,difference between family medicine and internal medicine
100149,cortana who is the hero in terminator.
451977,medication to use for dog hemorrhoids
591530,what causes sharp knee pain
939046,when did impact windows come out
519267,the type enum is defined
282046,how many degrees in a compass
689069,what is a limitation of ptsd
361284,how to get cat pee out of leather couch
534167,us submarines inc
588349,what causes gurgling in the intestines
325857,how much on average do personalised invites cost
811053,what is the circumference of 70cm
1160390,what does the diaphragm do during exhalation
988173,where is montauk new
312421,how much does an accountant cost 2016
845205,what is the salary for a forester
191377,fpl kwh cost
439828,life has come a long way since yesterday lyrics
821321,what is the file extension for onenote
683079,what is a fern sal
216310,how do I use remote assistance
572066,what are the northern lights
1003940,where was the movie the note filmed
252400,how long does it take a report to show up on your credit report
416428,is limbic system a part of the cortex
1151865,what is the blue flag
1028512,who hosts the whca
8969,__________ is a lung disease common among smokers.
1150236,what is the mercury?
185172,fascist anarchist definition
844184,what is the residence information of a deceased inventor
702480,what is a symptom of hypothermia
495946,short definition of heat stroke
681564,what is a displayport connection
636132,what does dna polymerase mean
642683,what does luke skywalker do
995968,where is the hidden screen
1140061,which disease was jesuit bark a prevention for
633811,what does calculate the relative mass mean
576115,what are transgenic animals?
547162,wegmans coffee cups
586477,what causes charlie horses
226676,how does jupiter's temperature range compared to earth
139273,definition of vicariously
336799,how old is the youngest singer
917299,what vitamins does cucumber have
83669,cast of wizard of lies
864423,what is your ethnicity?
386652,how to write a multiplication story
280756,how many days agency have to return deposit
43301,average salary of college graduate in 2014
917956,what was beer called in the 1800s
330540,how much weight would a carbon fiber square support
893679,what should baby wear when swaddled
831197,what is the meaning of livia
562449,what are normal serum calcium levels
460225,msnbc contact telephone number
1149403,aja meaning in english
391390,if cpa are you required to be in aicpa
1017071,which part of the human body controls the nervous system
955808,when to sign for medicare
769374,what is mctd
676492,what is a cartilage cell that has become enclosed in a lacuna called?
529100,types of packing for valves
747310,what is fim score
684083,what is a fugue
521709,tips for applying for scholarships
481374,price volume analysis
234881,how graduate assistants are paid?
991779,where is rocky mount nc
968630,where did english come from
354321,how to delete a facebook business page
226050,how does drinking alcohol affect you if your taking anti depressants
113662,curent australian cricket squad
8505,Why is microsoft office pay per month
417217,is manistee mi water good
230145,how far does a standard background check go
884064,what outback landmark is a world heritage site
737616,what is david ortiz net worth
803440,what is textbooks
22469,are flex lines safe
371312,how to obtain a radiologist tech make an hour
924544,what what is the longest dictionary word ever?
1049100,"who purchased first south bank, fayetteville, nc"
935336,when and where arnis was originated
502656,star wars sugi
477624,"population of frio county, texas"
2666,David Guetta New Album 2014
960475,when was the clayton antitrust act approved
432431,items not adding to watch list ebay
707869,what is actually castrate
516718,the late definition
581847,what can hydrogen peroxide be used for
406433,is circus circus on the strip
541409,washington state how many people in a home
673179,what is a .upd file
838657,what is the pay for a contractor in Iraq in 2015
545297,weather in newport de
350662,how to clean out your colon in one day
986486,where is lemon creek winery
517902,the normal temperature of a desert in the seasons
558962,what are food deserts
694631,what is a phone turret
1030982,who is bwy shipping
1161437,what does it mean if a substance is caustic
27822,at promise youth definition
835466,what is the name of the photographer responsible for diana's death
628785,what does a dihybrid cross predict
912620,what type of government does papua indonesia have
886767,what phones do vr
1156288,what is brioche knitting?
978282,where is blaine washington map
1067176,why does jonathan harker go to dracula
289241,how many milligrams is a baby aspirin
1050157,who sang summertime
1037085,who is phobos in greek mythology
820373,what is the entrance requirements for umbc
873226,what lengths do travel trailers come in
114012,current price of crude oil
527008,types of communication techniques
711057,what is an adenoids
558604,what are factors that controlling the growth of higher plant?
858730,what is uga zoning
690042,what is a manifolds
331345,how often can i take tylenol extra strength
694244,what is a pentacle
404518,is blue ivy solange baby
1064671,why do hurricanes occur ks3
920663,what was the first year ever
413273,is iron man a marvel character
163162,does an indian passport have a book number
13948,age of wonders wiki
423791,is silverbeet the same as chard
976495,where is al horford from
374079,how to prune grape vines
847827,what is the speed rating on tires
286755,how many jello shots in one box
1059785,whos the founder of amazon
757811,what is in Talpirid
496885,should u whiten ur teeth after cleaning
638542,what does gsv mean in shipping?
469254,operating cost under absorption vs variable cost
631718,what does an area manager at mcdonald's do
249767,how long does a medical facility keep records
989012,where is nearest airport to franklin neb
942005,when did the new york times begin
152180,discovery of corn flakes
480193,price for a tune up
862274,what is waulking wool
464950,non convex definition
287168,how many kilometers in a meter
963864,when will marques bolden committ
1166539,what are my rights as power of attorney if there is a trustee?
535770,varo definition spanish
1020760,which system is miles in
825696,what is the importance of developing a professional development plan
794875,what is select for adobe flash mean?
269284,how long to cook a pot roast in the oven
645942,what does postage cost
235432,how hot does a gas dryer get
213216,how did dean die in oklahoma city ok
213430,how did frederick douglass die
664248,what government job can i get with a psychology degree
113213,csl ltd share price
332397,how often should weight lifting be done
917206,what vitamins are in radishes
294304,how many races of humans are there
443846,lymph node inflammation causes ear chemical
300128,how many women get ovarian cancer each year
973493,where does most dextrin come from
218532,how do i know comic book size
1177759,average pay personal bankers south dakota
417723,is medication covered under health insurance
478719,positive release meaning
160653,do you make money being a twitch moderator
511518,temp for grilling steak
418315,is mitochondria in plant or animal cells
782519,what is pendente lite support
988243,where is mooresville in
442906,longitude distance per degree
232869,how far south does the dc metro run?
383103,how to thaw frozen tomatoes
289176,how many miles up is mount everest
538875,waiver of subrogation for events definition
770551,what is medicare advantage plan
162634,does adding water to batteries mean we have to have an eye wash station?
1025758,who created the discus thrower discobolus ?
378372,how to say how do you spell your last name in spanish
435688,"lansing, ks is in what county"
171225,does secondary insurance cover medicare deductible
857846,what is true about living cells
215137,how did the government clean up the oil spill in michigan? brainly
435950,largest bird in the world
355160,how to dice potatoes
549178,what a hypothesis
371058,how to move files from one computer to another using dropbox
165422,does diabetes affect pregnancy
289125,how many miles san antonio tx to victoria tx
795630,what is shark skin like
391013,identify azalea variety
212800,how did america declare independence from great britain
380796,how to squat jump
999768,where is wardensville wv
842028,what is the purpose of a piston
708679,what is afghanistan food
752928,what is gru's accent in despicable me
601771,what country is toyota cars made in
864778,what is zchat
260507,how long does.salad dressing last after opened
543807,"weather in clearfield, utah fahrenheit"
1165619,what are the statistics
764286,what is land around australia
160549,do you indent paragraphs in mla
1039060,who is the act organization?
907934,what to say to someone who is depressed and isolated
625138,what do the centromeres do in dna
303605,how much cardio to do when building muscle
220911,how do yaks do adaptation
398563,irs contact number nj
384665,how to upload pics from iphone 5 to pc with windows 8.1
686416,what is a hct test
198887,has chelsea had plastic surgery
624958,what do starfruit grow on
419556,is nutmeg ponious in in large quantities
300060,how many wings does a seraphim have?
1055950,who was the first englishman to attempt to colonize the new world?
320812,how much is a defibrillator
167024,does hctz cause hypokalemia
379851,how to settle a bank statement
110496,cost to refinish hardwood floors chicago
1171257,reconstruction amendments definition
863593,what is writing essay
593210,what causes urethral pain in women
286436,how many in a gross
53481,biggest slot winners in vegas
1003835,where was the iroquois located?
183775,explain the ACA before it was signed into law
920175,what was the event updates?
193040,galaxy s6 gold unlocked price
922702,what was the standard size luger in ww2
301776,how much  iodine a day
738380,what is delta's change flight policy
807167,what is the average size of a cocker spaniel
160799,do you need a separate bank account for HSA
196175,gout in toes symptoms
598042,what color is malibu rum
630893,what does abnormal on blood typing test mean?
50000,benefit of coconut oil in coffee
365230,how to install DTO2000 on win 8.1
468911,one mile is how long
222008,how do you fasten a stud to steel beam
654783,what does viable woven bone with haemorrhage mean
845477,what is the salary of rn pediatric homecare nurse in chicago illinois
924896,what wolf rock's
887554,what point during the menstrual cycle does ovulation typically occur
502153,stable isotope definition
430471,is upper respiratory infection a cold
652942,what does the surname holt mean
647927,what does silk represent
68575,can i claim damaged baggage on both credit card and airline
13105,age group as a measure troponin
450229,meaning of the song sound of silence
143530,did carver invent face cream
960480,when was the clock invented during the industrial revolution
46539,average utility costs
570861,what are the keyboard commands
622963,what do exterminators use on ants
374961,how to record live music from website
728579,what is caverject
11267,adaptation in plants that allow them to move to new locations yahoo answers
339335,how soon can a human know the sex of her unborn baby by ultrasound?
1159677,what environmental factors are normally used to distinguish between locations of biomes?
51874,best method to learn saxophone fingering
292076,how many people die every year
56708,bruce strober dermatologist
1161313,what does key rotation mean
461859,name of thiamin deficiency disease
404796,is briarfield a city
91125,cheesecake factory salad dressing calories
350007,how to cite a quote from a book with no page numbers
797664,what is sodium bicarbonate used for
403527,is attorney liable for preparing settlement agreement incorrectly
822717,what is the function of the cerebral peduncle
77649,can you get a pension and social security
385880,how to vent a rinnai water heater
942149,when did the recording of clinical information begin in the united states?
607314,"what county is holbrook, az in?"
170546,does pregnancy occur during ovulation immediately after sex
920518,what was the first reggae record
366359,how to know a salary range
766145,what is liquefaction quizlet
1073080,why is wbc test done
1157306,what is a utility token
494302,secret votes were done by scratching a vote onto a broken piece of
603007,what county is belleville nj
108591,cost reflective tariffs in electricity
1147683,what kind of internet explorer di
545449,weather in ouray in september
285698,how many hours ahead of cst is munich
983930,where is guyana located
925787,what year  oasis don't look back in anger
1000878,where might you find convergent plate
943756,when do cruise ships reposition
410155,is financial engines worth the money
473362,percentage of flights cancelled in chicago o'hare
782523,what is pending mean
529517,types of referrals to a medical social worker
719496,what is arcsin
1078875,woman pilot who flew across the world
1075834,why was the pearl harbor ceded to the us
455311,moderate intensity for aerobic exercise is considered to be between ___ and ___ mets
376025,how to remove fuse box from avalanche
480511,price of amber stone
531596,ultimate how tall is barack obama
626365,what do you call when payables are aging a long time
650456,what does the ice certification do for
558930,what are fluids and particles collected by the lymphatic vessels called
616860,what day is powerball drawing
567383,what are the benefits of almond milk
934402,whats a scientist salary
476386,poker check definition
672023,what is $windows.~ws
790327,what is regional occupational program
1176537,how much years did john quincy adams serve
1143481,whats typical ounces for baby to consume with bottle feeding daily
4385,I believe I can fly lyrics
895861,what size trowel suntouch mat
62790,can a non blood relative get custody of grandchild
731872,what is codepen
39435,average number of good cholesterol
221988,how do you evolve hoppip in pokemon
1153676,what is new zealand known for?
686254,what is a halocline
370049,how to make x-plane look like orbx
891976,what role does the progesterone plays in fertility?
880396,what name means beauty in greek
1053266,who was amadeus mozart
358743,how to find misplaced phone at home turned off
297189,how many stores left with kmart
349087,how to change the time on a ihome model iH120
45543,average temperature new zealand
1169198,"town of lindsay, victoria county, ontario, canada"
740442,what is dlr london
993828,where is surfest located?
456264,most abundant minerals found in granitic (felsic) igneous rocks
49116,bat definition washington dc
103141,cost of cement blocks for yurt platform
495960,short length poetry definition
468521,on a check what is routing number and what is bank account number
780922,what is p leaf mold
569183,what are the dimensions of a styrofoam cooler
565314,what are some differences between human and animal medicine
338530,how room temperature can cause harm
667487,what happens when wine gets hot
560844,what are koala groups called
277316,how many calories in burger king veggie burger patty only
316484,how much does it cost to remove a wisdom tooth
590606,what causes pain under arm following cough
788774,what is qp behavioral health status
64122,can an ectopic pregnancy cause hydrosalpinx
10005,above the water definition
466489,number of children foster care virginia
1176803,how much overtime can you work mn
464119,neymar score how many for goal for barcelona
670665,what incorporates osha requirements
1164872,what causes a toe turn black
739368,what is difference between 25d 45 d distributor
497059,should you put tile under range
929964,what's a zygote
616476,what day and time does scandal come on
792029,what is rna processing for protein synthesis
1030133,who is april ludgate
751730,what is gold's melting point
906823,what to do when iphone wont send pictures to android phones
452557,memory care cost canada
259542,how long does shrimp hold
474741,phone number for staples pulaski highway elkton md
1163392,what day is saba
388453,how wide is the pelusiac
658277,what eukaryotic cell contain chloroplast
376978,how to replace fuel pump on 2003 mitsubishi galant
851814,what is the treatment or dtap?
321898,how much is david faustino worth
563414,what are politicians known for
616948,what day is the holiday for labor day
694940,what is a pipeline breakout tank
154671,do 9mm ballistics improve with longer barrels
217988,how do i find clothes that look good on me?
472392,pay card number cbs
257927,how long does it take to receive a new social security card
703658,what is a toenail cuticle
354606,how to describe a visit to a bakery
42383,average salary for it support canada
149629,differences in influenza types
703100,what is a temporary visa holder
225566,how does bacteria reproduce
1031436,who is chumley
122447,define huntington's chorea
471950,partial income statement through gross profit periodic system
134162,definition of dysarthria apraxia
423812,is simvastatin crushable
53463,biggest ship engine piston
463582,neural tissue is formed by the _____.
630802,what does a z score measure
448009,meaning of indeterminate term insurance
571079,what are the long term effects of baclofen
1184434,discretionary broker account meaning
112370,create a button in excel to send email
712706,what is an automotive third member
275338,how many behavior therapy visits are needed for child with ADHD
317453,how much does maurices pay per hour
348438,how to change double spacing in wordpad
644761,what does open table use javascript or API
157995,do nasal sprays cause itchy mouth
774214,what is mulga snake
629836,what does a period mean for girls
6276,The parathyroid glands produce a hormone that
1165726,"what are the rates of change for physical weight, pounds, kilograms"
954456,when should fetal umbilical artery dopplers be done
435126,labile mood definition
126507,define restricted margin account
682847,what is a fan fiction
592838,what causes throbbing in the neck
36575,average frequency of neurosurgeon being sued
491405,salary deduction due to poor performance
849221,what is the sum of the interior angles of a triangle
335376,how old is john adams
636774,what does ellipses mean in literature
687572,what is a intangible asset
422865,is rubbing alcohol a acid or base
147569,difference between humans and animals
496721,should pension contributions come off before ni calc
42475,average salary for nurse practitioners
201113,henderson water treatment plant
814449,what is the deficit and reduction act
184234,expressroute installation how to docs azure
781878,what is patagonia
629412,what does a low blood urea nitrogen mean
417674,is medical degree master?
1019161,which side does a lapel pin go on
507190,symptoms of blood pressure medications withdrawal
304112,how much data is 100 mb
465054,non-rcra waste definition
486062,recommended daily amount of calories
921006,what was the indian phenotype of decolonization movements
106472,cost of re roofing
997598,where is the sheffield round walk sign in graves park?
55657,botticelli was the pupil of ________
756943,what is ibm watson
578361,what bands are playing in baton rouge?
467301,nursing work hours laws
254679,how long does it take for the moon phases
1074672,why was absinthe banned
715476,what is an insuliner tank liner
1038680,who is starring in the movie twelve
720033,what is asafoetida used for?
380740,how to split the pdf file online
207230,how are auto tires measured
688239,what is a knee-jerk reaction
302975,how much calories in two slices of cheese
212861,how did ariana grande become a singer
345077,how to become a food stylist
982855,"where is fort mckinley, oh"
200626,height adjustable footrest
848944,what is the structure of the endocrine system
1151732,what is the christian meaning of the name allison
1080493,wpf view continues after removing from region
784456,what is platinum credit info
63379,can a toothache cause ear pain
26065,are veins and arteries the same thing
258565,how long does kenalog injection take to work
479317,pre tax deferral vs roth deferral
828728,what is the loge section
171768,does stratosphere absorb sunlight
539179,walt disney world weddings
563263,what are pickled onions
267997,how long to bake a grinder
154796,do airlines have bereavement rates
459950,mouth sores neurotransmitters
977731,where is basic training
302053,how much apple get per second
861900,what is vvi pacemaker
914210,what type of reaction is condensation
151549,dimensions of legal size file cabinet
120191,define designer fashions
710642,what is an XXXY genotype
428715,is there a way to merge to cells with writing in them together
813452,what is the crude protein requirement for finishing cattle
513195,tennis what if a drop shot bounces back to your side
198073,half life of eliquis
72966,can rectocele cause urinary retention
346121,how to break even with negative equity
1178691,how many miles can you get on a set of brakes
622767,what do digestive mean
1011220,which is a stronger bit a snaffle or a ported bit
618418,what device helps restore a normal heart rhythm
579771,what bra size after dd
477667,"population of great falls, mt"
375717,how to remove a hanging bat
67131,can estrace tablets cause hair loss
876206,what mandala means dark
17976,anderson name means
177293,earth average day time
226708,how does land and water absorb and release heat
1180858,how long are homemade beans good in the refrigerator
549295,what abbreviations are used for a patent attorney
1021369,which tissue lines epidermis of the skin
68477,can i buy daktacort over the counter
334389,how old is ben foster
997986,where is the the spleen located
451872,medication reconciliation billable codes
165401,does detergent affect skin
978942,where is bullfighting in spain
444072,lyrics the world's gonna know your name
503794,stimulants are a risk of what if overdose
848838,what is the strongest pain medication on the market
908685,what town is east quogue ny in
1175656,identifying what is in an owl pellet
1061499,why bill of rights was added to constitution for kids
526283,types of american bison
320838,how much is a dui fine in maryland
337764,how old you have to be in the front seat
457700,most expensive homes in verona nj
1153905,what is minority?
350266,how to cite two authors in apa format on the reference
530388,types of vegetation in the amazon
746140,what is factual evidence
1147565,what kind of tax form do i need for winning a prize
774501,what is musically
975755,where in the cell does food go
1153961,what is metal dysplasia
58587,calculate weight of roll of paper
937196,when did america receive independence from britian
657566,what enzymes are in the chloroplast
426292,is the fenix 3 good for triathlon
776670,what is niacin?
324888,how much money does a nurse make yearly
389224,hud asset management fee schedule
1011777,which is not an example of a network operating system?
794538,what is search and rescue procedures
364662,how to improve aging skin on face
69534,can i return a rental car after hours?
254243,how long does it take for my package to arrive internationally?
1034701,who is k w roberts in little rock?
334764,how old is danielle panabaker
953333,when is the rainy season in grenada
17318,amount of social security that is taxable
1145728,what time does toronto stock exchange open
173400,does tuition cost cover room and board
1148741,what is the voltage on utility poles
517842,the national burglary clearance rate is
216636,how do catalyst works in chemistry?
673622,what is a aglet
25979,are tuv audit findings reportable to competent authorities
98324,convert decimal percent to fraction
745417,what is evening casual wear
986589,where is ligo
907885,what to say on a flower card for funeral
162088,does a flea bite and a mosquiot bite look the same?
108280,cost per ounce cashews costco
1177711,how much did the movie star trek beyond make
1005538,which area of the brain may be involved in the discrimination and cognition of pain?
876375,what material can be used to cover a concrete patio
102859,cost of braces for kids
501017,spawning temp for crappie
767530,what is m2 measurement
530026,types of sunglasses for face
1071363,why is my coconut cream pie a green color
441420,little stick of blackpool rock lyrics
597228,what color are calacatta marble
196046,google what foods to avoid with gout
591476,what causes severe constipation in adults
167125,does herniated disc cause nausea
180710,enlarged platelets what does that mean
750175,what is gds community
901967,what temperature of grill to grill steaks
759816,what is interesting about becoming a probation officer in california
590377,what causes one fog light to turn pink
81467,cancel aer lingus flight for a medical emergency
15997,alternative forms of a gene for ear lobe shape are called
569160,what are the dimensions of a fat quarter
922375,what was the republican view on the louisiana purchase
425036,is suri cruise a spoiled brat
980958,where is dalnavert museum
877524,what medicine do you treat shingles with
947831,when does terminator genisys come out on dvd
926767,what year did social security started the wednesday pay periods
602467,what county is antlers oklahoma in
21340,are bronchi and bronchioles the same thing
889845,what qualifications does a qualified maths teacher have
493461,scheduling meeting request on behalf of someone
738604,what is denver's population
352003,how to cook a pork picnic shoulder
852498,what is the us estate tax exclusion
86581,causes of frequent diarrhea in adults
439583,lg 47ln5400 specs
755359,what is hologram glitter
714966,what is an ileostomy
494035,sea temperature in doha
18157,anesthesiologist tech salary
222220,how do you fix internal bleeding
132738,definition of bantu
103213,cost of cinder block
516375,the highest peak in the alps
53878,biola how many units until transfer.
99915,corrosion technician salary texas
808472,what is the best product to stop algae growing in pond
230747,how far is charlottesville from baltimore
341453,how tall is the eiffel tower in france
1056019,who was the first mlb black player
221203,how do you calc Gradient slice selection
101251,cost for new suspension on subaru
195221,global egalitarianism meaning
69403,can i purchase a dermawand in quebe canada
71834,can nitrous oxide cause seizures
427990,is there a constitutional convention being organized?
952363,when is the best time to prune hydrangeas
140231,definition: high fidelity
1179886,average closing cost for a home refinance
1027658,who finances va loans?
473863,persian shiite rivals of ottoman empire
18153,anesthesiologist orthopedist convicted
444066,lyrics sexy and I knw it
424954,is sulphur magnetic
573382,what are the seating accommodations for delta flights?
1159106,what hemispheres are alaska in
1177700,how much do arch supports at the good feet store cost?
1149147,what is the span of fiddler crabs
389291,human DNA similarities to other species
720175,what is asking for immunity
1071068,why is kobe called mamba
580169,what breed was old yeller?
569396,what are the education requirements
701282,what is a standard exemption
502981,state government administrative office of the courts hours
218675,how do i log onto my department of education teacher email account
530742,typical cost for fire extinguisher service
376193,how to remove page break in word 2007
530862,typical dose of digoxin for elderly
454840,minnesota gambling age
569912,what are the four basic financial statements
183711,explain how the united nations general assembly and security council were set up.
878560,what molecules are necessary for protein synthesis
984382,where is heritage convalescent center in amarillo tx
197241,gross rate meaning
561109,what are light pens used for
1151819,cost to install bathroom mirror
562875,what are pain receptors
729297,what is cervical spondy means
967651,where can i find cayman island embassy uk phone number
779851,what is opg
799042,what is spybot anti-beacon
519361,the vetebral disc is what type of cartilage
218277,how do i get into pharmacy school with a business degree
671517,what insurances can you bill incident to
475675,placement of icon sets in conditional formatting
140875,democrats who dodged the draft
104279,cost of georgetown university
350166,how to cite information without having an author
264042,how long is manure good for gardens
272064,how long to run pool filter each day
940095,when did north rhodesia become zambia
456912,most common letters in german
1174813,is recording tax same as transfer tax
813666,what is the currency of kazakhstan?
1149857,what is the origin of huffman
317177,how much does jewel starting pay?
983906,where is guinea-bissau
92055,cholera affect the lipid bilayer
736175,what is crs reporting
1015387,which of the following is true of recessive genes?
191363,foxhole how to drop
516577,the kidneys secrete what two hormones
1019071,which sentences use rhetorical devices? +
916145,what university did kate middleton
995634,where is the fort william hotel?
915346,what type pebbles to use between stepping stone path
971005,where do i pay my taxes to cra
464775,no cost spay neuter program
285993,how many hours dubai uae ahead of new york
833584,what is the most complete food in liquid form for depression
440716,list of dogs that have hair
1155484,what is echogenic hepatocellular disease
1032714,who is ethan in the sidemen
668708,what helps sinus problems
478062,"population of panola county, texas"
193918,general spam definition
412421,is hookah tobacco bad for you
546326,weather in vancouver august
855898,what is thuja occidentalis
182603,examples of bacillus shaped bacteria
1065045,why do more americans need to graduate from college?
45000,average temperature for hesperia ca
203944,ho to predict ionic or covalent when various elements combine
848608,what is the stem and leaf plot in math
1030552,who is bidding for ignite
9592,aaa power steering flush cost
1034221,who is jennifer hale mark meer
752552,what is graphites
223086,how do you make rock candy at home
338083,how practical is a tesla
266183,how long security clearance good for
412289,is hiv a physiological condition
495160,set variable in sql query
494465,see what versions of windows is on computer
780743,what is overwatch mean?
665701,what happens if a baby drink amniotic fluid during birth
15156,alaska state regulations on how much percentage of premiums brokers can get commission
825039,what is the history of the civil rights movement
894749,what silver dimes are valuable
455202,mnemonic devices definition
1029375,who is Trump's campaign manager
158910,do shake weights work
184111,explanation of the poem mirror by sylvia plath
745775,what is experis
272874,how long until i can have an abortion
437415,"largest swimming pool, ca"
341541,how tall is the tallest pyramid?
852499,what is the us federal budget
391570,if i pray for someone else can they be saved
280271,how many credits needed to take cpa exam
26198,are white shell eggs better than brown
679575,what is a covalent bond
384680,how to upload video to usb from swann
533910,us military pay 1944
303335,how much can singapore masseur earned
107984,cost of wedding videographer
285509,how many homeless people in florida
780794,what is oxadiazon bulk and what is it used for?
355934,how to do interior decoration in india
236212,how is an atom described today
158158,do optometrist work in hospitals
455591,monet name meaning
993067,where is smithville ar
509470,synonym for duplication
223301,how do you passwrod protect a printer on a public network
373906,how to properly open a bottle of champagne
414096,is it normal to be able to wiggle tooth
395089,incubation period for BKD
1015105,which of the following is an example of piaget's concept of assimilation
999940,where is wedge island
677344,what is a choir
411901,is having burning eyes and having burning feet and toes connected
453805,military caucas of physician assistants
851872,what is the triple jump world record for men?
1046232,who pays real estate fees buyer or seller
1167,275. The anatomical term Thymus literally means _______________.
1037953,who is running for congress in indiana
293320,how many players are a pro bowler and mlb all star
439333,"leo, meaning of name"
788020,what is pt inr testing
805862,what is the average cost of a bathroom makeover
856140,what is tinder used for
1059376,who wrote this song there healing in this place
96211,complete balanced ionic equation definition
543649,weather in cabo mexico in march
39623,average organizational trainer costs per hour $
804226,what is the afqt scores to become military police
1020033,"which statement describes the heliocentric theory, as stated by copernicus?"
583379,what carrier is osm?
256517,how long does it take to get a black belt
558353,what are esr levels
341845,how teachers help students understand instructional purpose of text
757581,what is immediate family only
890822,what region is the sierra madre ross in?
380977,how to start a restaurant business in uk
359587,how to find where electric field is zero
477460,population of clinton iowa
932873,what's the record between the dallas cowboys in the new york giants?
937341,when did asylum by disturbed released
483504,psat scores for sophomores
557047,what are considered operating expenses
499664,sniper fury what does the red exclamation mark stand for
731133,what is clavamox?
496886,should uniforms be mandatory prezi
808654,what is the best time to end a listing on ebay
958129,when was ingrezza approved
927585,what year was basketball invented
1008630,which disorder is caused by the lack of a thyroid gland?
5942,Spotlight Rockdale Opening Hours
34747,average cost per acre of land in nh
523460,traditional colors of the renaissance
325218,how much money does vat raise
147220,difference between erectile dysfunction and organic impotence
153612,distance from mt. whitney portal parking to summit
517322,the meaning of the term judgment bema seat
585215,what causes air
500149,solar panels don't seem to be making any electricty
180853,entresto stomach bloat shortness of breath
218334,how do i get my origin app on my cpmuter opened
60231,calories in egg and sausage casserole
1045191,who owns chrysler
305802,how much do groceries cost per month
247809,how long do you fast for lipid fasting panel
593122,what causes turrets
710567,what is an Angiogram
1007869,which county is gainesville ga
468682,on the income statement what is a period cost
433484,js string to number
53600,biggest type of crab
878398,what model assumes a mind-body dualism to understanding illness
1043047,who is zina bash
647109,what does right wing mean
708148,what is adduction movement
307569,how much do teens spend a year
760971,what is isobus
66033,can cooked potatoes sit out all night
414546,is it safe to eat a lot of kale
480310,price for panorama festival
73423,can single parents join the army
1177323,how much does it cost to put your baby up for adoption
525579,turkish speaking caregivers
427753,is the website the guardian a conservative website
755806,what is hp aio printer remote
868387,what kind of foods can you eat to make your blood pressure normal all the time
154665,do 2009 impala have automatic started
941090,when did the 100 year kirby vacuum come out
286658,how many is a battalion
912667,what type of government is the us
295417,how many secondary schools in honolulu
34359,average cost of renovation a warehouse to a restaurant
475001,photoshop how to match color to text
179028,effects on the baby when born preterm
515399,the difference between a cold and sinusitis
1154071,what is marching band in german
645854,what does polohruba mean
912546,what type of goats are used for mutton busting
822659,what is the function of serotonin
645424,what does perm  banned mean
390452,ibm stock price forecast
808651,what is the best time to drive through san antonio texas
224929,how does a marriage license work
1024017,who are the arizona house of representatives
551445,what age is andrew bagley
502518,standard width of a hallway
1081920,zephaniah name meaning
31751,average child weights by age
883667,what organs are in the abdominopelvic regions
